Workbook

Sheet Data Acuan
A1: GALACTIC DYNAMICS CORP. | J1: INSTRUKSI SOAL!
A2: Data Karyawan dan Penjualan | J2: # | K2: Pengisian setiap kolomnya menggunakan rumus XLOOKUP
A3: Distrik Cygnus, Sektor 7, Nebula Kaledonia, Galaksi Andromeda | J3: 1 | K3: Kolom NAMA KARYAWAN mengacu atau mengambil data dari sheet "Data Acuan" dengan berdasarkan pada kolom ID KARYAWAN sebagai sel referensi atau sel kunci Rumus: =XLOOUP(Kolom ID Karyawan; Kolom ID Karyawan "Data Acuan"; Kolom Nama Karyawan "Data Acuan")
A5: TAHUN MUTASI | B5: PENEMPATAN | C5: POSISI JABATAN | D5: NAMA KARYAWAN | E5: ID KARYAWAN | G5: KOMISI YANG DIDAPAT | H5: PENJUALAN
A6: 2020 | B6: Sumedang | C6: Key Account Manager | D6: LOKA WIRANTA | E6: IP-001 | G6: 0.001 | H6: 1000000
A7: 2020 | B7: Bandung | C7: Sales Representative | D7: HANA LIN | E7: IP-002 | G7: 0.005 | H7: 40000000 | J7: 2 | K7: Kolom POSISI JABATAN mengacu atau mengambil data dari sheet "Data Acuan" dengan berdasarkan pada kolom ID KARYAWAN sebagai sel referensi atau sel kunci Rumus: =XLOOKUP(Kolom ID Karyawan; Kolom ID Karyawan "Data Acuan"; Kolom Posisi Jabatan "Data Acuan")
A8: 2020 | B8: Jakarta | C8: Sales Representative | D8: SUN ZHENNI | E8: IP-003 | G8: 0.003 | H8: 20000000
A9: 2020 | B9: Jambi | C9: Sales Representative | D9: VANYA RUSELINA | E9: IP-004 | G9: 0.004 | H9: 30000000
A10: 2020 | B10: Yogyakarta | C10: Business Development Executive | D10: KARYO LIMANTARA | E10: IP-005 | G10: 0.002 | H10: 10000000
A11: 2020 | B11: Bali | C11: Sales Representative | D11: VARO GHANTIRA | E11: IP-006 | J11: 3 | K11: Kolom WILAYAH PENEMPATAN mengacu atau mengambil data dari sheet "Data Acuan" dengan berdasarkan pada kolom ID KARYAWAN sebagai sel referensi atau sel kunci Rumus: =XLOOKUP(Kolom ID Karyawan; Kolom ID Karyawan "Data Acuan";Kolom Penempatan "Data Acuan")
A12: 2020 | B12: Palembang | C12: Sales Representative | D12: CHIKA YURESTA | E12: IP-007
A13: 2023 | B13: Sumedang | C13: District Sales Manager | D13: ETHAN CHALLISTER | E13: IP-008
A14: 2023 | B14: Padang | C14: Sales Representative | D14: SONG ZUER | E14: IP-009
A15: 2023 | B15: Medan | C15: Key Account Manager | D15: ZHAO YUE | E15: IP-010
A16: 2023 | B16: Surabaya | C16: District Sales Manager | D16: GALAN MERDANA | E16: IP-011 | J16: 4 | K16: Kolom WILAYAH PENEMPATAN SAAT INI mengacu atau mengambil data dari sheet 'Data Acuan" dengan berdasarkan pada kolom ID KARYAWAN sebagai sel referensi atau sel kunci Rumus: =XLOOKUP(Kolom ID Karyawan; Kolom ID Karyawan "Data Acuan"; Kolom Penempatan "Data Acuan";;;-1)
A17: 2023 | B17: Jakarta | C17: Sales Representative | D17: HANA LIN | E17: IP-002
A18: 2023 | B18: Aceh | C18: Key Account Manager | D18: ZHANG YUNLONG | E18: IP-012
A19: 2023 | B19: Jambi | C19: Key Account Manager | D19: LOKA WIRANTA | E19: IP-001
A20: 2023 | B20: Lampung | C20: Sales Representative | D20: LINDA SERWASTI | E20: IP-013
A21: 2023 | B21: Bogor | C21: Sales Representative | D21: CALVIN TRASMOKO | E21: IP-014 | K21: - | L21: [Search Mode] -1 "Mencari dari Bawah ke Atas" = Alasan menggunakan -1 di rumus ini adalah ada beberapa data karyawan yang mengalami duplikasi (ada riwayat penempatan baru), sehingga pencarian dari bawah ke atas (-1) akan mengambil entri data yang paling akhir atau paling baru, sehingga hasil yang didapatkan adalah wilayah penempatan saat ini
A22: 2025 | B22: Bekasi | C22: Sales Representative | D22: NIRA ZALINDRA | E22: IP-015
A23: 2025 | B23: Sumedang | C23: District Sales Manager | D23: DARGO MAWESTA | E23: IP-016
A24: 2025 | B24: Bandung | C24: Sales Representative | D24: VANYA RUSELINA | E24: IP-004
A25: 2025 | B25: Jakarta | C25: Business Development Executive | D25: KARYO LIMANTARA | E25: IP-005 | J25: 5 | K25: Kolom KOMISI YANG DIDAPAT mengacu atau mengambil data dari sheet "Data Acuan" dengan berdasarkan kolom HASIL PENJUALAN sebagai sel referensi atau sel kunci Rumus: =XLOOKUP(Kolom Hasil Penjualan; Kolom Penjualan "Data Acuan"; Kolom Komisi yang Didapat "Data Acuan";;-1)
A26: 2025 | B26: Bali | C26: Sales Representative | D26: SHUN ARIS | E26: IP-017
A27: 2025 | B27: Medan | C27: Sales Representative | D27: JUMIANTI | E27: IP-018
A28: 2025 | B28: Sumedang | C28: Sales Representative | D28: XIU XIAN | E28: IP-019
A29: 2025 | B29: Yogyakarta | C29: Business Development Executive | D29: SEO JIWOO | E29: IP-020
A30: 2025 | B30: Yogyakarta | C30: Sales Representative | D30: HANA LIN | E30: IP-002 | K30: - | L30: [Match Mode] -1 "Exact match or next smaller item" = Alasan digunakannya (-1) adalah untuk mengambil persentase komisi dari tigkat penjualan tertinggi yang lebih kecil atau sama dengan jumlah penjualan. Ini untuk memastikan setiap karyawan mendapatkan komisi yang sesuai dengan kriteria yang ditetapkan, meskipun nilai penjualannya tidak secara persis di dalam tabel. Artinya, semisal penjualan karyawan tembus (Rp 9,5Jt) berarti dia belum menembus angka Rp 10Jt, maka di akan masuk ke bracket atau komisi yang sebelumnya)
A31: 2025 | B31: Bandung | C31: Sales Representative | D31: SUN ZHENNI | E31: IP-003
A32: 2025 | B32: Palembang | C32: Key Account Manager | D32: RIN YUL | E32: IP-021
A33: 2025 | B33: Surabaya | C33: Sales Representative | D33: LAMIANTI WULAN | E33: IP-022
A34: 2025 | B34: Bandung | C34: Business Development Executive | D34: KARYO LIMANTARA | E34: IP-005
A35: 2025 | B35: Jambi | C35: Key Account Manager | D35: AERYN KAEL | E35: IP-023

Sheet Jawaban
A1: GALACTIC DYNAMICS CORP.
A2: Data Karyawan dan Penjualan
A3: Distrik Cygnus, Sektor 7, Nebula Kaledonia, Galaksi Andromeda
A5: NO | B5: ID KARYAWAN | C5: NAMA KARYAWAN | D5: JENIS KELAMIN | E5: POSISI JABATAN | F5: HASIL PENJUALAN | G5: WILAYAH PENEMPATAN | H5: WILAYAH PENEMPATAN SAAT INI | I5: KOMISI YANG DIDAPATKAN
A6: 1 | B6: IP-001 | C6: {=_xlfn.XLOOKUP(B6,'Data Acuan'!$E$6:$E$35,'Data Acuan'!$D$6:$D$35)} -> LOKA WIRANTA | D6: Laki-laki | E6: {=_xlfn.XLOOKUP(B6,'Data Acuan'!$E$6:$E$35,'Data Acuan'!$C$6:$C$35)} -> Key Account Manager | F6: 13500000 | G6: {=_xlfn.XLOOKUP(B6,'Data Acuan'!$E$6:$E$35,'Data Acuan'!$B$6:$B$35)} -> Sumedang | H6: =_xlfn.XLOOKUP(B6,'Data Acuan'!$E$6:$E$35,'Data Acuan'!$B$6:$B$35,,,-1) -> Jambi | I6: {=_xlfn.XLOOKUP(F6,'Data Acuan'!$H$6:$H$10,'Data Acuan'!$G$6:$G$10,,-1)} -> 0.002
A7: 2 | B7: IP-009 | C7: {=_xlfn.XLOOKUP(B7,'Data Acuan'!$E$6:$E$35,'Data Acuan'!$D$6:$D$35)} -> SONG ZUER | D7: Perempuan | E7: {=_xlfn.XLOOKUP(B7,'Data Acuan'!$E$6:$E$35,'Data Acuan'!$C$6:$C$35)} -> Sales Representative | F7: 9000000 | G7: {=_xlfn.XLOOKUP(B7,'Data Acuan'!$E$6:$E$35,'Data Acuan'!$B$6:$B$35)} -> Padang | H7: {=_xlfn.XLOOKUP(B7,'Data Acuan'!$E$6:$E$35,'Data Acuan'!$B$6:$B$35,,,-1)} -> Padang | I7: {=_xlfn.XLOOKUP(F7,'Data Acuan'!$H$6:$H$10,'Data Acuan'!$G$6:$G$10,,-1)} -> 0.001
A8: 3 | B8: IP-006 | C8: {=_xlfn.XLOOKUP(B8,'Data Acuan'!$E$6:$E$35,'Data Acuan'!$D$6:$D$35)} -> VARO GHANTIRA | D8: Laki-laki | E8: {=_xlfn.XLOOKUP(B8,'Data Acuan'!$E$6:$E$35,'Data Acuan'!$C$6:$C$35)} -> Sales Representative | F8: 10000000 | G8: {=_xlfn.XLOOKUP(B8,'Data Acuan'!$E$6:$E$35,'Data Acuan'!$B$6:$B$35)} -> Bali | H8: {=_xlfn.XLOOKUP(B8,'Data Acuan'!$E$6:$E$35,'Data Acuan'!$B$6:$B$35,,,-1)} -> Bali | I8: {=_xlfn.XLOOKUP(F8,'Data Acuan'!$H$6:$H$10,'Data Acuan'!$G$6:$G$10,,-1)} -> 0.002
A9: 4 | B9: IP-003 | C9: {=_xlfn.XLOOKUP(B9,'Data Acuan'!$E$6:$E$35,'Data Acuan'!$D$6:$D$35)} -> SUN ZHENNI | D9: Perempuan | E9: {=_xlfn.XLOOKUP(B9,'Data Acuan'!$E$6:$E$35,'Data Acuan'!$C$6:$C$35)} -> Sales Representative | F9: 8500000 | G9: {=_xlfn.XLOOKUP(B9,'Data Acuan'!$E$6:$E$35,'Data Acuan'!$B$6:$B$35)} -> Jakarta | H9: {=_xlfn.XLOOKUP(B9,'Data Acuan'!$E$6:$E$35,'Data Acuan'!$B$6:$B$35,,,-1)} -> Bandung | I9: {=_xlfn.XLOOKUP(F9,'Data Acuan'!$H$6:$H$10,'Data Acuan'!$G$6:$G$10,,-1)} -> 0.001
A10: 5 | B10: IP-010 | C10: {=_xlfn.XLOOKUP(B10,'Data Acuan'!$E$6:$E$35,'Data Acuan'!$D$6:$D$35)} -> ZHAO YUE | D10: Perempuan | E10: {=_xlfn.XLOOKUP(B10,'Data Acuan'!$E$6:$E$35,'Data Acuan'!$C$6:$C$35)} -> Key Account Manager | F10: 27000000 | G10: {=_xlfn.XLOOKUP(B10,'Data Acuan'!$E$6:$E$35,'Data Acuan'!$B$6:$B$35)} -> Medan | H10: {=_xlfn.XLOOKUP(B10,'Data Acuan'!$E$6:$E$35,'Data Acuan'!$B$6:$B$35,,,-1)} -> Medan | I10: {=_xlfn.XLOOKUP(F10,'Data Acuan'!$H$6:$H$10,'Data Acuan'!$G$6:$G$10,,-1)} -> 0.003
A11: 6 | B11: IP-008 | C11: {=_xlfn.XLOOKUP(B11,'Data Acuan'!$E$6:$E$35,'Data Acuan'!$D$6:$D$35)} -> ETHAN CHALLISTER | D11: Laki-laki | E11: {=_xlfn.XLOOKUP(B11,'Data Acuan'!$E$6:$E$35,'Data Acuan'!$C$6:$C$35)} -> District Sales Manager | F11: 20000000 | G11: {=_xlfn.XLOOKUP(B11,'Data Acuan'!$E$6:$E$35,'Data Acuan'!$B$6:$B$35)} -> Sumedang | H11: {=_xlfn.XLOOKUP(B11,'Data Acuan'!$E$6:$E$35,'Data Acuan'!$B$6:$B$35,,,-1)} -> Sumedang | I11: {=_xlfn.XLOOKUP(F11,'Data Acuan'!$H$6:$H$10,'Data Acuan'!$G$6:$G$10,,-1)} -> 0.003
A12: 7 | B12: IP-007 | C12: {=_xlfn.XLOOKUP(B12,'Data Acuan'!$E$6:$E$35,'Data Acuan'!$D$6:$D$35)} -> CHIKA YURESTA | D12: Perempuan | E12: {=_xlfn.XLOOKUP(B12,'Data Acuan'!$E$6:$E$35,'Data Acuan'!$C$6:$C$35)} -> Sales Representative | F12: 25000000 | G12: {=_xlfn.XLOOKUP(B12,'Data Acuan'!$E$6:$E$35,'Data Acuan'!$B$6:$B$35)} -> Palembang | H12: {=_xlfn.XLOOKUP(B12,'Data Acuan'!$E$6:$E$35,'Data Acuan'!$B$6:$B$35,,,-1)} -> Palembang | I12: {=_xlfn.XLOOKUP(F12,'Data Acuan'!$H$6:$H$10,'Data Acuan'!$G$6:$G$10,,-1)} -> 0.003
A13: 8 | B13: IP-011 | C13: {=_xlfn.XLOOKUP(B13,'Data Acuan'!$E$6:$E$35,'Data Acuan'!$D$6:$D$35)} -> GALAN MERDANA | D13: Laki-laki | E13: {=_xlfn.XLOOKUP(B13,'Data Acuan'!$E$6:$E$35,'Data Acuan'!$C$6:$C$35)} -> District Sales Manager | F13: 30000000 | G13: {=_xlfn.XLOOKUP(B13,'Data Acuan'!$E$6:$E$35,'Data Acuan'!$B$6:$B$35)} -> Surabaya | H13: {=_xlfn.XLOOKUP(B13,'Data Acuan'!$E$6:$E$35,'Data Acuan'!$B$6:$B$35,,,-1)} -> Surabaya | I13: {=_xlfn.XLOOKUP(F13,'Data Acuan'!$H$6:$H$10,'Data Acuan'!$G$6:$G$10,,-1)} -> 0.004
A14: 9 | B14: IP-004 | C14: {=_xlfn.XLOOKUP(B14,'Data Acuan'!$E$6:$E$35,'Data Acuan'!$D$6:$D$35)} -> VANYA RUSELINA | D14: Perempuan | E14: {=_xlfn.XLOOKUP(B14,'Data Acuan'!$E$6:$E$35,'Data Acuan'!$C$6:$C$35)} -> Sales Representative | F14: 35000000 | G14: {=_xlfn.XLOOKUP(B14,'Data Acuan'!$E$6:$E$35,'Data Acuan'!$B$6:$B$35)} -> Jambi | H14: {=_xlfn.XLOOKUP(B14,'Data Acuan'!$E$6:$E$35,'Data Acuan'!$B$6:$B$35,,,-1)} -> Bandung | I14: {=_xlfn.XLOOKUP(F14,'Data Acuan'!$H$6:$H$10,'Data Acuan'!$G$6:$G$10,,-1)} -> 0.004
A15: 10 | B15: IP-013 | C15: {=_xlfn.XLOOKUP(B15,'Data Acuan'!$E$6:$E$35,'Data Acuan'!$D$6:$D$35)} -> LINDA SERWASTI | D15: Perempuan | E15: {=_xlfn.XLOOKUP(B15,'Data Acuan'!$E$6:$E$35,'Data Acuan'!$C$6:$C$35)} -> Sales Representative | F15: 44500000 | G15: {=_xlfn.XLOOKUP(B15,'Data Acuan'!$E$6:$E$35,'Data Acuan'!$B$6:$B$35)} -> Lampung | H15: {=_xlfn.XLOOKUP(B15,'Data Acuan'!$E$6:$E$35,'Data Acuan'!$B$6:$B$35,,,-1)} -> Lampung | I15: {=_xlfn.XLOOKUP(F15,'Data Acuan'!$H$6:$H$10,'Data Acuan'!$G$6:$G$10,,-1)} -> 0.005
A16: 11 | B16: IP-012 | C16: {=_xlfn.XLOOKUP(B16,'Data Acuan'!$E$6:$E$35,'Data Acuan'!$D$6:$D$35)} -> ZHANG YUNLONG | D16: Laki-laki | E16: {=_xlfn.XLOOKUP(B16,'Data Acuan'!$E$6:$E$35,'Data Acuan'!$C$6:$C$35)} -> Key Account Manager | F16: 22500000 | G16: {=_xlfn.XLOOKUP(B16,'Data Acuan'!$E$6:$E$35,'Data Acuan'!$B$6:$B$35)} -> Aceh | H16: {=_xlfn.XLOOKUP(B16,'Data Acuan'!$E$6:$E$35,'Data Acuan'!$B$6:$B$35,,,-1)} -> Aceh | I16: {=_xlfn.XLOOKUP(F16,'Data Acuan'!$H$6:$H$10,'Data Acuan'!$G$6:$G$10,,-1)} -> 0.003
A17: 12 | B17: IP-002 | C17: {=_xlfn.XLOOKUP(B17,'Data Acuan'!$E$6:$E$35,'Data Acuan'!$D$6:$D$35)} -> HANA LIN | D17: Perempuan | E17: {=_xlfn.XLOOKUP(B17,'Data Acuan'!$E$6:$E$35,'Data Acuan'!$C$6:$C$35)} -> Sales Representative | F17: 7500000 | G17: {=_xlfn.XLOOKUP(B17,'Data Acuan'!$E$6:$E$35,'Data Acuan'!$B$6:$B$35)} -> Bandung | H17: {=_xlfn.XLOOKUP(B17,'Data Acuan'!$E$6:$E$35,'Data Acuan'!$B$6:$B$35,,,-1)} -> Yogyakarta | I17: {=_xlfn.XLOOKUP(F17,'Data Acuan'!$H$6:$H$10,'Data Acuan'!$G$6:$G$10,,-1)} -> 0.001
A18: 13 | B18: IP-014 | C18: {=_xlfn.XLOOKUP(B18,'Data Acuan'!$E$6:$E$35,'Data Acuan'!$D$6:$D$35)} -> CALVIN TRASMOKO | D18: Laki-laki | E18: {=_xlfn.XLOOKUP(B18,'Data Acuan'!$E$6:$E$35,'Data Acuan'!$C$6:$C$35)} -> Sales Representative | F18: 10000000 | G18: {=_xlfn.XLOOKUP(B18,'Data Acuan'!$E$6:$E$35,'Data Acuan'!$B$6:$B$35)} -> Bogor | H18: {=_xlfn.XLOOKUP(B18,'Data Acuan'!$E$6:$E$35,'Data Acuan'!$B$6:$B$35,,,-1)} -> Bogor | I18: {=_xlfn.XLOOKUP(F18,'Data Acuan'!$H$6:$H$10,'Data Acuan'!$G$6:$G$10,,-1)} -> 0.002
... A20: 15 | B20: IP-015 | C20: {=_xlfn.XLOOKUP(B20,'Data Acuan'!$E$6:$E$35,'Data Acuan'!$D$6:$D$35)} -> NIRA ZALINDRA | D20: Perempuan | E20: {=_xlfn.XLOOKUP(B20,'Data Acuan'!$E$6:$E$35,'Data Acuan'!$C$6:$C$35)} -> Sales Representative | F20: 35000000 | G20: {=_xlfn.XLOOKUP(B20,'Data Acuan'!$E$6:$E$35,'Data Acuan'!$B$6:$B$35)} -> Bekasi | H20: {=_xlfn.XLOOKUP(B20,'Data Acuan'!$E$6:$E$35,'Data Acuan'!$B$6:$B$35,,,-1)} -> Bekasi | I20: {=_xlfn.XLOOKUP(F20,'Data Acuan'!$H$6:$H$10,'Data Acuan'!$G$6:$G$10,,-1)} -> 0.004

Sheet Soal
A1: GALACTIC DYNAMICS CORP.
A2: Data Karyawan dan Penjualan
A3: Distrik Cygnus, Sektor 7, Nebula Kaledonia, Galaksi Andromeda
A5: NO | B5: ID KARYAWAN | D5: JENIS KELAMIN | E5: POSISI JABATAN | F5: HASIL PENJUALAN | G5: WILAYAH PENEMPATAN | H5: WILAYAH PENEMPATAN SAAT INI | I5: KOMISI YANG DIDAPATKAN
A6: 1 | B6: IP-001 | C6: =_xlfn.XLOOKUP(B6,'Data Acuan'!$E$6:$E$35,'Data Acuan'!$D$6:$D$35) -> LOKA WIRANTA | D6: Laki-laki | E6: =_xlfn.XLOOKUP(Soal!B6,'Data Acuan'!$E$6:$E$35,'Data Acuan'!$C$6:$C$35) -> Key Account Manager | F6: 13500000 | G6: =_xlfn.XLOOKUP(B6,'Data Acuan'!$E$6:$E$35,'Data Acuan'!$B$6:$B$35) -> Sumedang | H6: =_xlfn.XLOOKUP(B6,'Data Acuan'!$E$6:$E$35,'Data Acuan'!$B$6:$B$35,,,-1) -> Jambi | I6: =_xlfn.XLOOKUP(F6,'Data Acuan'!$H$6:$H$10,'Data Acuan'!$G$6:$G$10,,-1) -> 0.002
A7: 2 | B7: IP-009 | C7: =_xlfn.XLOOKUP(B7,'Data Acuan'!$E$6:$E$35,'Data Acuan'!$D$6:$D$35) -> SONG ZUER | D7: Perempuan | E7: =_xlfn.XLOOKUP(Soal!B7,'Data Acuan'!$E$6:$E$35,'Data Acuan'!$C$6:$C$35) -> Sales Representative | F7: 9000000 | G7: =_xlfn.XLOOKUP(B7,'Data Acuan'!$E$6:$E$35,'Data Acuan'!$B$6:$B$35) -> Padang | H7: =_xlfn.XLOOKUP(B7,'Data Acuan'!$E$6:$E$35,'Data Acuan'!$B$6:$B$35,,,-1) -> Padang | I7: =_xlfn.XLOOKUP(F7,'Data Acuan'!$H$6:$H$10,'Data Acuan'!$G$6:$G$10,,-1) -> 0.001
A8: 3 | B8: IP-006 | C8: =_xlfn.XLOOKUP(B8,'Data Acuan'!$E$6:$E$35,'Data Acuan'!$D$6:$D$35) -> VARO GHANTIRA | D8: Laki-laki | E8: =_xlfn.XLOOKUP(Soal!B8,'Data Acuan'!$E$6:$E$35,'Data Acuan'!$C$6:$C$35) -> Sales Representative | F8: 10000000 | G8: =_xlfn.XLOOKUP(B8,'Data Acuan'!$E$6:$E$35,'Data Acuan'!$B$6:$B$35) -> Bali | H8: =_xlfn.XLOOKUP(B8,'Data Acuan'!$E$6:$E$35,'Data Acuan'!$B$6:$B$35,,,-1) -> Bali | I8: =_xlfn.XLOOKUP(F8,'Data Acuan'!$H$6:$H$10,'Data Acuan'!$G$6:$G$10,,-1) -> 0.002
A9: 4 | B9: IP-003 | C9: =_xlfn.XLOOKUP(B9,'Data Acuan'!$E$6:$E$35,'Data Acuan'!$D$6:$D$35) -> SUN ZHENNI | D9: Perempuan | E9: =_xlfn.XLOOKUP(Soal!B9,'Data Acuan'!$E$6:$E$35,'Data Acuan'!$C$6:$C$35) -> Sales Representative | F9: 8500000 | G9: =_xlfn.XLOOKUP(B9,'Data Acuan'!$E$6:$E$35,'Data Acuan'!$B$6:$B$35) -> Jakarta | H9: =_xlfn.XLOOKUP(B9,'Data Acuan'!$E$6:$E$35,'Data Acuan'!$B$6:$B$35,,,-1) -> Bandung | I9: =_xlfn.XLOOKUP(F9,'Data Acuan'!$H$6:$H$10,'Data Acuan'!$G$6:$G$10,,-1) -> 0.001
A10: 5 | B10: IP-010 | C10: =_xlfn.XLOOKUP(B10,'Data Acuan'!$E$6:$E$35,'Data Acuan'!$D$6:$D$35) -> ZHAO YUE | D10: Perempuan | E10: =_xlfn.XLOOKUP(Soal!B10,'Data Acuan'!$E$6:$E$35,'Data Acuan'!$C$6:$C$35) -> Key Account Manager | F10: 27000000 | G10: =_xlfn.XLOOKUP(B10,'Data Acuan'!$E$6:$E$35,'Data Acuan'!$B$6:$B$35) -> Medan | H10: =_xlfn.XLOOKUP(B10,'Data Acuan'!$E$6:$E$35,'Data Acuan'!$B$6:$B$35,,,-1) -> Medan | I10: =_xlfn.XLOOKUP(F10,'Data Acuan'!$H$6:$H$10,'Data Acuan'!$G$6:$G$10,,-1) -> 0.003
A11: 6 | B11: IP-008 | C11: =_xlfn.XLOOKUP(B11,'Data Acuan'!$E$6:$E$35,'Data Acuan'!$D$6:$D$35) -> ETHAN CHALLISTER | D11: Laki-laki | E11: =_xlfn.XLOOKUP(Soal!B11,'Data Acuan'!$E$6:$E$35,'Data Acuan'!$C$6:$C$35) -> District Sales Manager | F11: 20000000 | G11: =_xlfn.XLOOKUP(B11,'Data Acuan'!$E$6:$E$35,'Data Acuan'!$B$6:$B$35) -> Sumedang | H11: =_xlfn.XLOOKUP(B11,'Data Acuan'!$E$6:$E$35,'Data Acuan'!$B$6:$B$35,,,-1) -> Sumedang | I11: =_xlfn.XLOOKUP(F11,'Data Acuan'!$H$6:$H$10,'Data Acuan'!$G$6:$G$10,,-1) -> 0.003
A12: 7 | B12: IP-007 | C12: =_xlfn.XLOOKUP(B12,'Data Acuan'!$E$6:$E$35,'Data Acuan'!$D$6:$D$35) -> CHIKA YURESTA | D12: Perempuan | E12: =_xlfn.XLOOKUP(Soal!B12,'Data Acuan'!$E$6:$E$35,'Data Acuan'!$C$6:$C$35) -> Sales Representative | F12: 25000000 | G12: =_xlfn.XLOOKUP(B12,'Data Acuan'!$E$6:$E$35,'Data Acuan'!$B$6:$B$35) -> Palembang | H12: =_xlfn.XLOOKUP(B12,'Data Acuan'!$E$6:$E$35,'Data Acuan'!$B$6:$B$35,,,-1) -> Palembang | I12: =_xlfn.XLOOKUP(F12,'Data Acuan'!$H$6:$H$10,'Data Acuan'!$G$6:$G$10,,-1) -> 0.003
A13: 8 | B13: IP-011 | C13: =_xlfn.XLOOKUP(B13,'Data Acuan'!$E$6:$E$35,'Data Acuan'!$D$6:$D$35) -> GALAN MERDANA | D13: Laki-laki | E13: =_xlfn.XLOOKUP(Soal!B13,'Data Acuan'!$E$6:$E$35,'Data Acuan'!$C$6:$C$35) -> District Sales Manager | F13: 30000000 | G13: =_xlfn.XLOOKUP(B13,'Data Acuan'!$E$6:$E$35,'Data Acuan'!$B$6:$B$35) -> Surabaya | H13: =_xlfn.XLOOKUP(B13,'Data Acuan'!$E$6:$E$35,'Data Acuan'!$B$6:$B$35,,,-1) -> Surabaya | I13: =_xlfn.XLOOKUP(F13,'Data Acuan'!$H$6:$H$10,'Data Acuan'!$G$6:$G$10,,-1) -> 0.004
A14: 9 | B14: IP-004 | C14: =_xlfn.XLOOKUP(B14,'Data Acuan'!$E$6:$E$35,'Data Acuan'!$D$6:$D$35) -> VANYA RUSELINA | D14: Perempuan | E14: =_xlfn.XLOOKUP(Soal!B14,'Data Acuan'!$E$6:$E$35,'Data Acuan'!$C$6:$C$35) -> Sales Representative | F14: 35000000 | G14: =_xlfn.XLOOKUP(B14,'Data Acuan'!$E$6:$E$35,'Data Acuan'!$B$6:$B$35) -> Jambi | H14: =_xlfn.XLOOKUP(B14,'Data Acuan'!$E$6:$E$35,'Data Acuan'!$B$6:$B$35,,,-1) -> Bandung | I14: =_xlfn.XLOOKUP(F14,'Data Acuan'!$H$6:$H$10,'Data Acuan'!$G$6:$G$10,,-1) -> 0.004
A15: 10 | B15: IP-013 | C15: =_xlfn.XLOOKUP(B15,'Data Acuan'!$E$6:$E$35,'Data Acuan'!$D$6:$D$35) -> LINDA SERWASTI | D15: Perempuan | E15: =_xlfn.XLOOKUP(Soal!B15,'Data Acuan'!$E$6:$E$35,'Data Acuan'!$C$6:$C$35) -> Sales Representative | F15: 44500000 | G15: =_xlfn.XLOOKUP(B15,'Data Acuan'!$E$6:$E$35,'Data Acuan'!$B$6:$B$35) -> Lampung | H15: =_xlfn.XLOOKUP(B15,'Data Acuan'!$E$6:$E$35,'Data Acuan'!$B$6:$B$35,,,-1) -> Lampung | I15: =_xlfn.XLOOKUP(F15,'Data Acuan'!$H$6:$H$10,'Data Acuan'!$G$6:$G$10,,-1) -> 0.005
A16: 11 | B16: IP-012 | C16: =_xlfn.XLOOKUP(B16,'Data Acuan'!$E$6:$E$35,'Data Acuan'!$D$6:$D$35) -> ZHANG YUNLONG | D16: Laki-laki | E16: =_xlfn.XLOOKUP(Soal!B16,'Data Acuan'!$E$6:$E$35,'Data Acuan'!$C$6:$C$35) -> Key Account Manager | F16: 22500000 | G16: =_xlfn.XLOOKUP(B16,'Data Acuan'!$E$6:$E$35,'Data Acuan'!$B$6:$B$35) -> Aceh | H16: =_xlfn.XLOOKUP(B16,'Data Acuan'!$E$6:$E$35,'Data Acuan'!$B$6:$B$35,,,-1) -> Aceh | I16: =_xlfn.XLOOKUP(F16,'Data Acuan'!$H$6:$H$10,'Data Acuan'!$G$6:$G$10,,-1) -> 0.003
A17: 12 | B17: IP-002 | C17: =_xlfn.XLOOKUP(B17,'Data Acuan'!$E$6:$E$35,'Data Acuan'!$D$6:$D$35) -> HANA LIN | D17: Perempuan | E17: =_xlfn.XLOOKUP(Soal!B17,'Data Acuan'!$E$6:$E$35,'Data Acuan'!$C$6:$C$35) -> Sales Representative | F17: 7500000 | G17: =_xlfn.XLOOKUP(B17,'Data Acuan'!$E$6:$E$35,'Data Acuan'!$B$6:$B$35) -> Bandung | H17: =_xlfn.XLOOKUP(B17,'Data Acuan'!$E$6:$E$35,'Data Acuan'!$B$6:$B$35,,,-1) -> Yogyakarta | I17: =_xlfn.XLOOKUP(F17,'Data Acuan'!$H$6:$H$10,'Data Acuan'!$G$6:$G$10,,-1) -> 0.001
... A20: 15 | B20: IP-015 | C20: =_xlfn.XLOOKUP(B20,'Data Acuan'!$E$6:$E$35,'Data Acuan'!$D$6:$D$35) -> NIRA ZALINDRA | D20: Perempuan | E20: =_xlfn.XLOOKUP(Soal!B20,'Data Acuan'!$E$6:$E$35,'Data Acuan'!$C$6:$C$35) -> Sales Representative | F20: 35000000 | G20: =_xlfn.XLOOKUP(B20,'Data Acuan'!$E$6:$E$35,'Data Acuan'!$B$6:$B$35) -> Bekasi | H20: =_xlfn.XLOOKUP(B20,'Data Acuan'!$E$6:$E$35,'Data Acuan'!$B$6:$B$35,,,-1) -> Bekasi | I20: =_xlfn.XLOOKUP(F20,'Data Acuan'!$H$6:$H$10,'Data Acuan'!$G$6:$G$10,,-1) -> 0.004
